{
  "experiment1": {
    "accuracies": {
      "L0_baseline": 0.96,
      "L1_gentle": 0.945,
      "L2_moderate": 0.935,
      "L3_harsh": 0.91,
      "L4_adversarial": 0.915
    },
    "ci": {
      "L0_baseline": [
        0.923067931799067,
        0.9795943679338476
      ],
      "L1_gentle": [
        0.9042130012276914,
        0.9690146582965411
      ],
      "L2_moderate": [
        0.8919809207009312,
        0.961623645350847
      ],
      "L3_harsh": [
        0.8622342812328346,
        0.9423125511378069
      ],
      "L4_adversarial": [
        0.8681041292843443,
        0.9462542498225244
      ]
    }
  },
  "experiment2": {
    "accuracies": {
      "no_limit": 0.9533333333333334,
      "generous_300w": 0.96,
      "moderate_150w": 0.9666666666666667,
      "tight_75w": 0.9666666666666667
    }
  },
  "experiment3": {
    "accuracy_matrix": [
      [
        95.33333333333334,
        96.66666666666667,
        96.66666666666667
      ],
      [
        92.66666666666666,
        94.66666666666667,
        94.66666666666667
      ],
      [
        88.0,
        91.33333333333333,
        92.0
      ]
    ]
  },
  "experiment4": {
    "accuracies": {
      "baseline_cot": 0.9533333333333334,
      "high_stakes": 0.9533333333333334,
      "explicit_rubric": 0.9466666666666667,
      "step_verification": 0.9533333333333334,
      "self_consistency_5": 0.9533333333333334
    }
  }
}